{
  "hash": "87e744cb",
  "configHash": "9d153c98",
  "lockfileHash": "2a8490f1",
  "browserHash": "17a140c5",
  "optimized": {
    "@angular/core": {
      "src": "../../../../../../node_modules/@angular/core/fesm2022/core.mjs",
      "file": "@angular_core.js",
      "fileHash": "7014af3e",
      "needsInterop": false
    },
    "@angular/forms": {
      "src": "../../../../../../node_modules/@angular/forms/fesm2022/forms.mjs",
      "file": "@angular_forms.js",
      "fileHash": "aed49d84",
      "needsInterop": false
    },
    "@angular/platform-browser": {
      "src": "../../../../../../node_modules/@angular/platform-browser/fesm2022/platform-browser.mjs",
      "file": "@angular_platform-browser.js",
      "fileHash": "cbcba3f0",
      "needsInterop": false
    },
    "@angular/router": {
      "src": "../../../../../../node_modules/@angular/router/fesm2022/router.mjs",
      "file": "@angular_router.js",
      "fileHash": "35bb4d65",
      "needsInterop": false
    }
  },
  "chunks": {
    "chunk-ISIH3V4N": {
      "file": "chunk-ISIH3V4N.js"
    },
    "chunk-FPZ3XJYH": {
      "file": "chunk-FPZ3XJYH.js"
    },
    "chunk-WVGQZYRG": {
      "file": "chunk-WVGQZYRG.js"
    }
  }
}