{
  "hash": "d0e48e35",
  "configHash": "2a244c51",
  "lockfileHash": "639036a1",
  "browserHash": "1889ae69",
  "optimized": {
    "@angular/core": {
      "src": "../../../../../../node_modules/@angular/core/fesm2022/core.mjs",
      "file": "@angular_core.js",
      "fileHash": "8760cf7a",
      "needsInterop": false
    },
    "@angular/forms": {
      "src": "../../../../../../node_modules/@angular/forms/fesm2022/forms.mjs",
      "file": "@angular_forms.js",
      "fileHash": "82ceb9ac",
      "needsInterop": false
    },
    "@angular/platform-browser": {
      "src": "../../../../../../node_modules/@angular/platform-browser/fesm2022/platform-browser.mjs",
      "file": "@angular_platform-browser.js",
      "fileHash": "a383d833",
      "needsInterop": false
    },
    "@angular/router": {
      "src": "../../../../../../node_modules/@angular/router/fesm2022/router.mjs",
      "file": "@angular_router.js",
      "fileHash": "9146c5b8",
      "needsInterop": false
    }
  },
  "chunks": {
    "chunk-ISIH3V4N": {
      "file": "chunk-ISIH3V4N.js"
    },
    "chunk-FPZ3XJYH": {
      "file": "chunk-FPZ3XJYH.js"
    },
    "chunk-WVGQZYRG": {
      "file": "chunk-WVGQZYRG.js"
    }
  }
}